match_id,team_color,game_mode,goal_difference,match_duration,overtime,player_count,winner,afk_probability,match_date,predicted_winner,proba_blue,proba_orange,proba_tie
1,Orange,Standard,5,361,False,3,Orange,0.08,2025-11-18,Orange,0.20828291217551928,0.004980311524595948,0.7867367762998849
2,Orange,Standard,6,394,False,3,Orange,0.1,2025-06-20,Orange,0.19789663684085373,0.0047359020073956684,0.7973674611517505
3,Blue,Duel,-3,249,False,1,Orange,0.116,2025-08-30,Orange,0.18505269924460524,0.07934837143838241,0.7355989293170123
4,Blue,Standard,-5,338,False,3,Orange,0.056,2025-06-17,Orange,0.14404878563187853,0.003380118946495006,0.8525710954216266
5,Blue,Doubles,-5,301,False,2,Orange,0.064,2025-11-22,Orange,0.2282166561184562,0.0005857481224348644,0.771197595759109
6,Blue,Standard,-4,315,False,3,Orange,0.054,2025-11-16,Orange,0.1977650730749435,0.003380118946495006,0.7988548079785616
7,Orange,Doubles,1,328,False,2,Orange,0.097,2025-08-10,Orange,0.1757072423758883,0.09279654374487446,0.7314962138792374
8,Orange,Duel,5,323,False,1,Orange,0.099,2025-09-05,Orange,0.16605333269110376,0.004229462613456274,0.82971720469544
9,Blue,Doubles,-3,274,False,2,Orange,0.101,2025-11-20,Orange,0.17469834637081308,0.0039192743863172485,0.8213823792428697
10,Blue,Doubles,2,251,False,2,Blue,0.12,2025-08-29,Blue,0.5736033504031534,0.1320563557137116,0.2943402938831351
11,Blue,Doubles,2,377,False,2,Blue,0.071,2025-08-25,Blue,0.718254944362884,0.08754312416030598,0.1942019314768102
12,Orange,Doubles,3,361,True,2,Orange,0.088,2025-11-03,Orange,0.25792551686796883,0.024497012923904417,0.7175774702081271
13,Blue,Duel,-5,319,False,1,Orange,0.095,2025-08-17,Orange,0.14116897878130305,0.007450057204965534,0.8513809640137314
14,Orange,Doubles,6,358,False,2,Orange,0.078,2025-07-04,Orange,0.173449544170568,0.0012598944591029023,0.8252905613703295
15,Orange,Duel,5,291,False,1,Orange,0.127,2025-07-12,Orange,0.1803235642269729,0.00698618111375803,0.8126902546592691
16,Orange,Doubles,-2,397,True,2,Blue,0.082,2025-07-20,Blue,0.7266954030012885,0.04277664327107393,0.2305279537276379
17,Blue,Duel,6,374,False,1,Blue,0.051,2025-09-06,Blue,0.780178755757876,0.027896305902177624,0.19192493833994625
18,Orange,Doubles,5,443,True,2,Orange,0.08,2025-10-12,Orange,0.2195631626526077,0.09113914090194519,0.6892976964454472
19,Blue,Standard,-1,371,False,3,Orange,0.063,2025-10-30,Orange,0.11419076144765825,0.10695043445208025,0.7788588041002618
20,Blue,Duel,3,369,False,1,Blue,0.061,2025-07-05,Blue,0.8415589437707829,0.0313521882551188,0.1270888679740983
21,Orange,Standard,2,383,False,3,Orange,0.097,2025-10-06,Orange,0.1037879857867735,0.22255240189757625,0.6736596123156504
22,Blue,Doubles,2,344,False,2,Blue,0.072,2025-09-10,Blue,0.7413385141020835,0.07445500326993702,0.1842064826279795
23,Orange,Doubles,-2,373,False,2,Blue,0.085,2025-08-13,Blue,0.77512198758177,0.024540090099084505,0.20033792231914585
24,Blue,Duel,-5,346,False,1,Orange,0.089,2025-11-16,Orange,0.18232602718191201,0.007450057204965534,0.8102239156131225
25,Blue,Standard,-4,331,False,3,Orange,0.079,2025-10-16,Orange,0.18849959679884923,0.003380118946495006,0.8081202842546557
26,Orange,Doubles,-1,411,False,2,Blue,0.064,2025-09-27,Blue,0.7650991739808377,0.13711647647832254,0.09778434954084006
27,Orange,Standard,-4,281,False,3,Blue,0.125,2025-06-17,Blue,0.7606563110814706,0.028549964931993636,0.2107937239865359
28,Blue,Duel,-2,291,False,1,Orange,0.1,2025-06-21,Orange,0.15072653861466379,0.17151726112640003,0.6777562002589361
29,Orange,Standard,1,402,False,3,Orange,0.063,2025-09-19,Orange,0.12631983324435664,0.3053325237903832,0.5683476429652603
30,Blue,Doubles,1,290,False,2,Blue,0.119,2025-10-29,Blue,0.6209289353668415,0.16415412975108212,0.21491693488207606
31,Orange,Standard,-5,425,False,3,Blue,0.054,2025-07-21,Blue,0.8348758113067224,0.0024535366786924673,0.16267065201458547
32,Blue,Duel,3,327,False,1,Blue,0.098,2025-11-17,Blue,0.8289190403441178,0.014842595214028557,0.1562383644418536
33,Orange,Duel,3,313,False,1,Orange,0.089,2025-10-30,Orange,0.21865718488398941,0.006889629744375494,0.774453185371635
34,Blue,Duel,2,271,False,1,Blue,0.105,2025-11-15,Draw,0.40369787454193484,0.41063943262140606,0.185662692836659
35,Orange,Doubles,-5,365,False,2,Blue,0.088,2025-07-26,Blue,0.7937253346949129,0.0005857481224348644,0.20568891718265192
36,Blue,Doubles,2,268,False,2,Blue,0.102,2025-10-18,Blue,0.5932955333522724,0.13466624682547398,0.27203821982225374
37,Orange,Doubles,-2,392,False,2,Blue,0.071,2025-10-09,Blue,0.8282090606517915,0.026905820347332018,0.14488511900087703
38,Orange,Standard,-2,336,False,3,Blue,0.098,2025-08-07,Blue,0.727356116331497,0.11789444598293482,0.15474943768556815
39,Blue,Standard,-4,357,False,3,Orange,0.075,2025-07-24,Orange,0.20576481080737646,0.01859115355604834,0.7756440356365754
40,Orange,Duel,-6,385,False,1,Blue,0.069,2025-07-31,Blue,0.7641810473272844,0.003942819033661085,0.23187613363905446
41,Orange,Standard,-2,280,False,3,Blue,0.145,2025-10-24,Blue,0.7126603150600072,0.17605318064634093,0.11128650429365158
42,Blue,Duel,-6,400,False,1,Orange,0.073,2025-06-15,Orange,0.19690674638308356,0.01909980250464531,0.7839934511122713
43,Orange,Duel,-4,372,False,1,Blue,0.064,2025-08-17,Blue,0.8388941671511185,0.003942819033661085,0.15716301381522055
44,Orange,Duel,2,238,False,1,Orange,0.246,2025-07-22,Draw,0.06086748338131678,0.475991541928211,0.4631409746904722
45,Orange,Standard,-2,528,True,3,Blue,0.061,2025-09-21,Blue,0.6235661942337901,0.10821773093508397,0.2682160748311256
46,Blue,Standard,3,392,False,3,Blue,0.067,2025-07-17,Blue,0.7979475227397147,0.025467279773110092,0.17658519748717538
47,Blue,Doubles,-2,285,False,2,Orange,0.127,2025-08-08,Orange,0.1396072052438636,0.03626318804571151,0.8241296067104252
48,Blue,Standard,-2,379,False,3,Orange,0.095,2025-07-05,Orange,0.11480256580487051,0.10054806521892827,0.7846493689762012
49,Blue,Doubles,3,351,False,2,Blue,0.064,2025-07-22,Blue,0.8672064314574633,0.0,0.13279356854253674
50,Orange,Doubles,-3,389,False,2,Blue,0.099,2025-08-28,Blue,0.8261393280526136,0.0005857481224348644,0.17327492382495133
51,Blue,Duel,3,529,True,1,Blue,0.093,2025-10-18,Blue,0.7016757214554589,0.031139766649377915,0.267184511895163
52,Blue,Duel,5,245,False,1,Blue,0.122,2025-10-17,Blue,0.5697390323797689,0.18504252230549562,0.2452184453147358
53,Blue,Doubles,3,371,False,2,Blue,0.096,2025-06-01,Blue,0.8633714292196264,0.0019086294416243651,0.13471994133874934
54,Blue,Duel,6,249,False,1,Blue,0.145,2025-08-16,Blue,0.5648424202540819,0.15003528287182422,0.28512229687409407
55,Blue,Duel,-1,263,False,1,Orange,0.111,2025-06-25,Orange,0.15375142609003903,0.2419436201194875,0.6043049537904732
56,Orange,Standard,1,326,False,3,Orange,0.059,2025-11-16,Orange,0.08778655358177763,0.263516561522261,0.6486968848959614
57,Blue,Doubles,5,370,False,2,Blue,0.061,2025-07-10,Blue,0.8666959129379072,0.0019086294416243651,0.1313954576204689
58,Blue,Doubles,-3,542,True,2,Orange,0.09,2025-11-08,Orange,0.26630624728971525,0.05321657857269755,0.6804771741375873
59,Blue,Duel,0,301,False,1,Draw,0.081,2025-08-22,Draw,0.11389694814866531,0.7846653465294418,0.10143770532189263
60,Blue,Duel,0,363,False,1,Draw,0.072,2025-10-28,Draw,0.17452362177952008,0.6932842385898924,0.1321921396305874
61,Blue,Duel,4,260,False,1,Blue,0.129,2025-09-24,Blue,0.650279793296802,0.09315513408261475,0.2565650726205835
62,Blue,Doubles,2,416,False,2,Blue,0.088,2025-08-14,Blue,0.6033775832280347,0.2881024818393845,0.10851993493258102
63,Blue,Standard,-5,426,False,3,Orange,0.059,2025-11-13,Orange,0.17848251701050974,0.0018239354704349562,0.8196935475190551
64,Orange,Duel,-4,366,False,1,Blue,0.072,2025-09-21,Blue,0.8568674647998578,0.003942819033661085,0.13918971616648107
65,Blue,Standard,0,285,False,3,Draw,0.104,2025-09-25,Draw,0.08251587870406384,0.8538751327204775,0.06360898857545878
66,Blue,Doubles,6,298,False,2,Blue,0.142,2025-10-01,Blue,0.8180863892639855,0.0,0.18191361073601456
67,Orange,Duel,-1,386,False,1,Blue,0.063,2025-08-29,Blue,0.7795204437329452,0.07526347130628214,0.14521608496077307
68,Orange,Standard,-5,382,False,3,Blue,0.084,2025-08-14,Blue,0.8513777590399212,0.0,0.148622240960079
69,Orange,Doubles,3,489,True,2,Orange,0.06,2025-11-04,Orange,0.23345060116376648,0.0881360464802675,0.6784133523559661
70,Blue,Standard,0,357,False,3,Draw,0.092,2025-11-13,Draw,0.12306733364946781,0.7501581485729446,0.12677451777758714
71,Blue,Standard,-3,423,True,3,Orange,0.089,2025-06-14,Orange,0.31859537917912933,0.025885324837673,0.6555192959831979
72,Orange,Duel,0,249,False,1,Draw,0.147,2025-10-29,Draw,0.041121815420005994,0.8722889837478359,0.08658920083215797
73,Blue,Standard,3,313,False,3,Blue,0.086,2025-08-29,Blue,0.8276045796426797,0.01550698602757108,0.15688843432974933
74,Orange,Duel,-3,401,True,1,Blue,0.063,2025-10-06,Blue,0.7413254783047541,0.013970427777888879,0.24470409391735687
75,Orange,Standard,-4,270,False,3,Blue,0.126,2025-11-21,Blue,0.6046382807730875,0.051380110722001465,0.3439816085049112
76,Orange,Doubles,-2,402,False,2,Blue,0.056,2025-06-30,Blue,0.7915333941088805,0.10164558644320743,0.10682101944791231
77,Orange,Duel,-2,279,False,1,Blue,0.119,2025-06-27,Blue,0.7131035230359337,0.15096437069725213,0.13593210626681418
78,Blue,Doubles,-5,405,False,2,Orange,0.082,2025-07-13,Orange,0.25887188950280704,0.009693179183351084,0.7314349313138415
79,Blue,Duel,5,314,False,1,Blue,0.062,2025-10-19,Blue,0.7778986561422557,0.014842595214028557,0.20725874864371566
80,Blue,Doubles,-2,316,False,2,Orange,0.073,2025-06-14,Orange,0.1698108744048331,0.023043558903950757,0.8071455666912161
81,Blue,Duel,-6,233,False,1,Orange,0.241,2025-09-06,Orange,0.16178542998025783,0.13722147995519493,0.7009930900645474
82,Blue,Duel,-2,436,True,1,Orange,0.084,2025-06-14,Orange,0.22749193024034478,0.09443542819811328,0.6780726415615419
83,Orange,Standard,6,348,False,3,Orange,0.093,2025-11-25,Orange,0.1932074133199815,0.0007567353407290015,0.8060358513392896
84,Orange,Duel,3,230,False,1,Orange,0.222,2025-06-09,Orange,0.19170888372058223,0.1599679771658872,0.6483231391135307
85,Blue,Duel,-3,376,False,1,Orange,0.077,2025-08-25,Orange,0.2734231745972714,0.011384367465274985,0.7151924579374537
86,Blue,Standard,-6,357,False,3,Orange,0.098,2025-10-30,Orange,0.1267365493490585,0.015118426283321067,0.8581450243676204
87,Orange,Doubles,-5,385,False,2,Blue,0.053,2025-11-26,Blue,0.8154047989821038,0.0005857481224348644,0.1840094528954611
88,Blue,Doubles,-1,280,False,2,Orange,0.107,2025-07-14,Orange,0.1508546867625623,0.046187891685714556,0.8029574215517233
89,Orange,Standard,-4,537,True,3,Blue,0.052,2025-10-26,Blue,0.7562122592118306,0.018594148019258575,0.2251935927689109
90,Blue,Doubles,-4,263,False,2,Orange,0.129,2025-07-30,Orange,0.14838359807331566,0.0,0.8516164019266849
91,Orange,Doubles,-5,352,False,2,Blue,0.097,2025-10-04,Blue,0.8116483733100499,0.0005857481224348644,0.187765878567515
92,Blue,Duel,0,235,False,1,Draw,0.204,2025-06-01,Draw,0.047562245993496545,0.9162171674301178,0.0362205865763856
93,Blue,Standard,6,291,False,3,Blue,0.126,2025-11-26,Blue,0.7715115008200946,0.02367281224277331,0.2048156869371322
94,Orange,Standard,3,289,False,3,Orange,0.146,2025-09-10,Orange,0.2059108757478416,0.0077429292117653925,0.7863461950403926
95,Orange,Standard,-6,344,False,3,Blue,0.087,2025-09-23,Blue,0.8068910288351904,0.0,0.19310897116480968
96,Blue,Duel,-3,305,False,1,Orange,0.051,2025-08-08,Orange,0.17432842097157977,0.01246035340219624,0.8132112256262244
97,Orange,Doubles,-4,313,False,2,Blue,0.087,2025-08-20,Blue,0.8893072840135676,0.0005857481224348644,0.11010696786399751
98,Orange,Duel,6,367,False,1,Orange,0.096,2025-09-04,Orange,0.2570096045813823,0.004511623974003078,0.7384787714446149
99,Orange,Standard,-1,372,False,3,Blue,0.075,2025-07-15,Blue,0.7166538957689375,0.10342830332860077,0.17991780090246143
100,Blue,Standard,-5,432,False,3,Orange,0.082,2025-08-05,Orange,0.17148841199936107,0.0018239354704349562,0.8266876525302037
101,Blue,Duel,-6,322,False,1,Orange,0.098,2025-08-03,Orange,0.14098919314248456,0.007450057204965534,0.85156074965255
102,Orange,Doubles,-1,412,False,2,Blue,0.063,2025-07-18,Blue,0.7650991739808377,0.13711647647832254,0.09778434954084006
103,Blue,Doubles,-6,262,False,2,Orange,0.148,2025-11-25,Orange,0.1683260779857549,0.0,0.8316739220142452
104,Blue,Duel,5,230,False,1,Blue,0.209,2025-10-16,Blue,0.5510105037235499,0.19199356485167565,0.2569959314247748
105,Orange,Doubles,-6,385,False,2,Blue,0.083,2025-06-18,Blue,0.7632938483079827,0.0005857481224348644,0.23612040356958236
106,Orange,Duel,-5,267,False,1,Blue,0.1,2025-11-24,Blue,0.6284533791541755,0.04895245760089871,0.3225941632449257
107,Blue,Doubles,-4,353,False,2,Orange,0.097,2025-08-18,Orange,0.13311319092148644,0.0005857481224348644,0.8663010609560788
108,Orange,Duel,-5,312,False,1,Blue,0.051,2025-08-14,Blue,0.6594382342439252,0.006304628078887217,0.3342571376771876
109,Blue,Standard,3,385,False,3,Blue,0.056,2025-06-02,Blue,0.8076544091308878,0.025467279773110092,0.16687831109600232
110,Blue,Standard,4,369,False,3,Blue,0.076,2025-06-06,Blue,0.8456683400551629,0.020111840154635553,0.13421981979020187
111,Blue,Standard,-1,332,False,3,Orange,0.084,2025-11-05,Orange,0.11072069657017339,0.12692988058252544,0.7623494228473016
112,Blue,Doubles,-2,377,False,2,Orange,0.083,2025-10-13,Orange,0.20873187823406172,0.02840685397050751,0.7628612677954305
113,Blue,Doubles,2,387,True,2,Blue,0.089,2025-08-17,Blue,0.6797802615601808,0.06628724855477967,0.2539324898850397
114,Orange,Standard,6,261,False,3,Orange,0.142,2025-08-07,Orange,0.1180344864543632,0.06372664399271302,0.8182388695529235
115,Blue,Standard,6,366,False,3,Blue,0.058,2025-11-05,Blue,0.8155216861559436,0.016655957801694377,0.16782235604236218
116,Blue,Doubles,2,531,True,2,Blue,0.054,2025-09-21,Blue,0.5284184764318404,0.18846085116989897,0.28312067239826066
117,Blue,Doubles,3,347,True,2,Blue,0.099,2025-06-26,Blue,0.7723154253437475,0.005840003064729237,0.22184457159152302
118,Blue,Duel,-2,221,False,1,Orange,0.228,2025-11-08,Orange,0.12358263307266304,0.35616254304079886,0.5202548238865379
119,Blue,Standard,-4,432,False,3,Orange,0.075,2025-06-20,Orange,0.28387948026945087,0.0052966627431622285,0.710823856987387
120,Orange,Standard,3,293,False,3,Orange,0.103,2025-06-12,Orange,0.20842424146090172,0.0077429292117653925,0.7838328293273327
121,Blue,Standard,5,390,True,3,Blue,0.09,2025-06-29,Blue,0.7202650667342083,0.04548708374919996,0.23424784951659194
122,Blue,Duel,3,276,False,1,Blue,0.118,2025-11-24,Blue,0.6893480963878953,0.08009311122280215,0.23055879238930288
123,Orange,Doubles,3,360,False,2,Orange,0.093,2025-09-09,Orange,0.17875960846879382,0.0012598944591029023,0.8199804970721037
124,Blue,Standard,-2,363,False,3,Orange,0.089,2025-07-22,Orange,0.10014355418559498,0.12140908438495891,0.7784473614294463
125,Orange,Duel,4,347,False,1,Orange,0.061,2025-08-08,Orange,0.23414356082762605,0.0007567353407290015,0.7650997038316452
126,Blue,Duel,3,349,False,1,Blue,0.099,2025-08-14,Blue,0.8683186735153501,0.014842595214028557,0.11683873127062122
127,Orange,Duel,-4,276,False,1,Blue,0.12,2025-07-12,Blue,0.7232466916801671,0.030188446106182276,0.24656486221365045
128,Orange,Standard,3,271,False,3,Orange,0.141,2025-06-28,Orange,0.15792808382654944,0.04021617117560417,0.801855744997846
129,Orange,Duel,3,371,False,1,Orange,0.08,2025-09-04,Orange,0.32528328858352956,0.0071717911049222986,0.6675449203115481
130,Orange,Duel,-1,383,False,1,Blue,0.099,2025-09-27,Blue,0.770560503959847,0.07526347130628214,0.1541760247338711
131,Blue,Standard,-6,390,False,3,Orange,0.075,2025-11-20,Orange,0.11546543989830285,0.003380118946495006,0.8811544411552019
132,Blue,Standard,-5,326,False,3,Orange,0.054,2025-09-12,Orange,0.13824514403050495,0.003380118946495006,0.858374737023
133,Blue,Standard,-6,383,False,3,Orange,0.093,2025-07-12,Orange,0.11936116374701365,0.003380118946495006,0.8772587173064912
134,Orange,Duel,4,220,False,1,Orange,0.229,2025-08-24,Orange,0.17696511806926632,0.1599679771658872,0.6630669047648464
135,Orange,Duel,5,465,True,1,Orange,0.09,2025-06-14,Orange,0.3032748456316606,0.02073861607512512,0.6759865382932145
136,Orange,Doubles,-3,315,False,2,Blue,0.069,2025-07-20,Blue,0.8823657721500934,0.0005857481224348644,0.11704847972747155
137,Blue,Duel,-3,372,False,1,Orange,0.082,2025-07-17,Orange,0.27598461973042465,0.011384367465274985,0.7126310128043006
138,Orange,Doubles,-6,318,False,2,Blue,0.095,2025-08-02,Blue,0.8002720634270568,0.0005857481224348644,0.19914218845050827
139,Orange,Duel,0,388,True,1,Draw,0.076,2025-11-08,Draw,0.2519694329555648,0.4328971090634417,0.31513345798099346
140,Orange,Doubles,-2,409,False,2,Blue,0.086,2025-07-04,Blue,0.7844574721557354,0.10829100885249172,0.10725151899177314
141,Orange,Duel,6,326,False,1,Orange,0.054,2025-09-26,Orange,0.14919370355772796,0.0007567353407290015,0.8500495611015431
142,Orange,Duel,4,232,False,1,Orange,0.225,2025-08-18,Orange,0.17475637915841605,0.1689788837740889,0.6562647370674951
143,Orange,Standard,4,299,False,3,Orange,0.105,2025-07-17,Orange,0.15984651655815962,0.0077429292117653925,0.8324105542300747
144,Orange,Duel,2,287,False,1,Orange,0.133,2025-09-28,Orange,0.12153784843088745,0.19363029049487232,0.6848318610742404
145,Orange,Standard,-1,412,False,3,Blue,0.083,2025-09-11,Blue,0.7460211012459288,0.11705163818751448,0.13692726056655627
146,Blue,Doubles,-1,383,True,2,Orange,0.093,2025-10-27,Orange,0.23880301299494439,0.03946311510417777,0.7217338719008778
147,Blue,Standard,-6,609,True,3,Orange,0.051,2025-11-01,Orange,0.2389874233227552,0.01592047583419114,0.7450921008430537
148,Blue,Standard,-1,322,False,3,Orange,0.089,2025-09-12,Orange,0.11160805398406688,0.1451173624492889,0.7432745835666443
149,Orange,Doubles,3,254,False,2,Orange,0.103,2025-07-03,Orange,0.16211266621004308,0.006236666488654503,0.8316506673013022
150,Orange,Duel,-4,291,False,1,Blue,0.13,2025-10-03,Blue,0.7270320935648122,0.01616713920129342,0.25680076723389417
151,Orange,Doubles,6,546,True,2,Orange,0.097,2025-11-21,Orange,0.21972943049965363,0.0881360464802675,0.6921345230200789
152,Blue,Doubles,1,414,False,2,Blue,0.081,2025-07-13,Blue,0.585380121212263,0.2935228330437783,0.12109704574395876
153,Orange,Doubles,-1,314,False,2,Blue,0.077,2025-07-14,Blue,0.7293029782668481,0.044201307398378235,0.22649571433477367
154,Orange,Duel,-3,365,False,1,Blue,0.066,2025-08-20,Blue,0.8397301331346297,0.003942819033661085,0.15632704783170914
155,Orange,Doubles,3,354,False,2,Orange,0.086,2025-11-13,Orange,0.19607658064688674,0.0012598944591029023,0.8026635248940108
156,Blue,Duel,-4,385,False,1,Orange,0.059,2025-09-04,Orange,0.29613803227583363,0.011384367465274985,0.6924776002588916
157,Blue,Doubles,-4,353,False,2,Orange,0.093,2025-09-03,Orange,0.13311319092148644,0.0005857481224348644,0.8663010609560788
158,Blue,Standard,-3,526,True,3,Orange,0.079,2025-09-01,Orange,0.3017141868148736,0.01592047583419114,0.6823653373509353
159,Orange,Doubles,-4,378,False,2,Blue,0.091,2025-11-23,Blue,0.8124763582421825,0.0005857481224348644,0.18693789363538227
160,Blue,Doubles,-6,357,False,2,Orange,0.057,2025-06-19,Orange,0.14703327038134723,0.0005857481224348644,0.8523809814962182
161,Orange,Doubles,-1,360,False,2,Blue,0.08,2025-09-12,Blue,0.7452244841712292,0.03658297213612247,0.21819254369264857
162,Blue,Standard,1,395,False,3,Blue,0.056,2025-06-03,Blue,0.4409171320052878,0.3496023452365953,0.20948052275811724
163,Blue,Standard,6,264,False,3,Blue,0.143,2025-07-04,Blue,0.5744305154252697,0.0898010326176165,0.3357684519571138
164,Blue,Doubles,3,360,True,2,Blue,0.072,2025-08-31,Blue,0.7448507914947742,0.005840003064729237,0.2493092054404963
165,Blue,Standard,-5,421,False,3,Orange,0.09,2025-06-02,Orange,0.16937391996983814,0.0018239354704349562,0.8288021445597267
166,Blue,Doubles,-1,478,True,2,Orange,0.056,2025-07-12,Orange,0.23186777762814703,0.13477995053716268,0.6333522718346905
167,Orange,Standard,6,355,False,3,Orange,0.066,2025-08-03,Orange,0.193771082582881,0.004980311524595948,0.8012486058925232
168,Orange,Duel,5,390,False,1,Orange,0.084,2025-06-30,Orange,0.3056020711892256,0.004511623974003078,0.6898863048367714
169,Blue,Standard,6,421,False,3,Blue,0.053,2025-07-16,Blue,0.7761302109856323,0.02028143573461105,0.20358835327975686
170,Blue,Standard,0,278,False,3,Draw,0.101,2025-07-13,Draw,0.07887630822395762,0.8617033555080988,0.05942033626794372
171,Blue,Doubles,-2,348,True,2,Orange,0.056,2025-06-19,Orange,0.2127132951743219,0.02766769408332805,0.75961901074235
172,Orange,Doubles,-4,534,True,2,Blue,0.073,2025-08-28,Blue,0.654709206378148,0.04353013476963981,0.30176065885221215
173,Orange,Duel,-2,266,False,1,Blue,0.147,2025-10-09,Blue,0.6375785090981606,0.20335492357824972,0.1590665673235897
174,Orange,Standard,-4,385,False,3,Blue,0.096,2025-06-27,Blue,0.9090634901167057,0.0,0.09093650988329449
175,Blue,Standard,-6,398,False,3,Orange,0.063,2025-11-02,Orange,0.12014009538916887,0.009539370509805285,0.8703205341010256
176,Blue,Doubles,-2,569,True,2,Orange,0.067,2025-11-10,Orange,0.21424273396280633,0.1263295382728804,0.659427727764313
177,Blue,Duel,-2,321,False,1,Orange,0.053,2025-10-29,Orange,0.15280633265337992,0.1235746412077534,0.7236190261388665
178,Orange,Duel,-3,280,False,1,Blue,0.104,2025-08-05,Blue,0.7219870059774256,0.03047837708844053,0.24753461693413403
179,Blue,Standard,4,301,False,3,Blue,0.091,2025-08-05,Blue,0.8260474398667652,0.015959773958834574,0.15799278617440027
180,Orange,Duel,2,260,False,1,Orange,0.122,2025-06-15,Orange,0.09574999582938036,0.2633165593764064,0.6409334447942133
181,Orange,Duel,3,284,False,1,Orange,0.132,2025-06-05,Orange,0.22817260699486586,0.038033118867235906,0.733794274137898
182,Orange,Standard,-4,356,False,3,Blue,0.052,2025-07-04,Blue,0.8821295670622331,0.004223576183866946,0.11364685675390016
183,Blue,Doubles,1,413,False,2,Blue,0.068,2025-09-14,Blue,0.6006698481235024,0.27290842789376696,0.1264217239827307
184,Blue,Standard,3,301,False,3,Blue,0.058,2025-07-02,Blue,0.8249516254342872,0.018962868380512254,0.15608550618520078
185,Blue,Standard,3,284,False,3,Blue,0.116,2025-06-10,Blue,0.7021135162502448,0.08744883340424155,0.21043765034551398
186,Blue,Duel,2,238,False,1,Blue,0.206,2025-06-04,Draw,0.2865234481984001,0.5645797505237728,0.1488968012778267
187,Orange,Standard,-5,311,False,3,Blue,0.099,2025-08-24,Blue,0.7418032263167156,0.008242627575821117,0.24995414610746347
188,Orange,Doubles,-3,305,False,2,Blue,0.051,2025-09-20,Blue,0.8744170018025973,0.0005857481224348644,0.12499725007496762
189,Blue,Standard,1,437,False,3,Blue,0.053,2025-06-08,Blue,0.4547796975623604,0.30626545798666344,0.23895484445097626
190,Orange,Standard,6,415,False,3,Orange,0.072,2025-09-13,Orange,0.19513917200366174,0.040567832674836116,0.764292995321502
191,Blue,Standard,-6,360,False,3,Orange,0.073,2025-09-09,Orange,0.12558934807171376,0.015118426283321067,0.8592922256449653
192,Blue,Standard,6,430,False,3,Blue,0.076,2025-07-29,Blue,0.7761878933708313,0.02028143573461105,0.2035306708945577
193,Blue,Doubles,-2,291,False,2,Orange,0.143,2025-07-02,Orange,0.1673055859116575,0.021074486739002304,0.8116199273493403
194,Orange,Standard,-2,267,False,3,Blue,0.149,2025-09-04,Blue,0.622747013777835,0.2194291220540183,0.15782386416814684
195,Blue,Duel,6,342,True,1,Blue,0.073,2025-11-16,Blue,0.7655883275219356,0.017216207059612906,0.2171954654184512
196,Blue,Doubles,-4,396,False,2,Orange,0.054,2025-06-13,Orange,0.27141332093025683,0.0034028130652431422,0.7251838660044999
197,Orange,Standard,6,419,False,3,Orange,0.09,2025-10-02,Orange,0.21430866103393853,0.02821005322603665,0.7574812857400248
198,Blue,Doubles,3,383,False,2,Blue,0.083,2025-06-01,Blue,0.8406505857773117,0.004725694384432643,0.15462371983825582
199,Orange,Standard,-4,473,True,3,Blue,0.07,2025-09-10,Blue,0.768832154963103,0.018594148019258575,0.2125736970176385
200,Orange,Standard,-5,361,False,3,Blue,0.085,2025-09-20,Blue,0.8476224191876223,0.004223576183866946,0.14815400462851078
201,Blue,Doubles,-4,305,False,2,Orange,0.078,2025-11-09,Orange,0.21984143180521293,0.0005857481224348644,0.7795728200723524
202,Orange,Standard,-3,297,False,3,Blue,0.131,2025-08-10,Blue,0.781250191563123,0.010604436621047247,0.2081453718158298
203,Blue,Standard,-4,313,False,3,Orange,0.081,2025-06-23,Orange,0.20724011159116512,0.003380118946495006,0.7893797694623399
204,Orange,Duel,-4,261,False,1,Blue,0.104,2025-06-09,Blue,0.6232005374756434,0.04574065080304541,0.33105881172131096
205,Blue,Doubles,2,385,False,2,Blue,0.096,2025-07-16,Blue,0.7328469687928165,0.09285574119918899,0.17429729000799474
206,Blue,Standard,-6,339,False,3,Orange,0.069,2025-09-08,Orange,0.1335960803842455,0.003380118946495006,0.8630238006692597
207,Blue,Standard,-6,376,True,3,Orange,0.083,2025-09-07,Orange,0.23187882966980589,0.023600218939786415,0.7445209513904076
208,Orange,Standard,-2,450,True,3,Blue,0.071,2025-10-24,Blue,0.6374549711630959,0.11443263215461492,0.24811239668228896
209,Orange,Doubles,-3,297,False,2,Blue,0.146,2025-06-14,Blue,0.8749811403619155,0.003588842544112543,0.12143001709397165
210,Orange,Standard,4,325,False,3,Orange,0.085,2025-09-15,Orange,0.15173550892954,0.004229462613456274,0.8440350284570036
211,Orange,Doubles,-2,249,False,2,Blue,0.113,2025-07-20,Blue,0.5257063062938437,0.15486243450980142,0.31943125919635457
212,Blue,Standard,1,401,False,3,Blue,0.08,2025-07-24,Blue,0.42879458115937963,0.37829166668984615,0.19291375215077466
213,Orange,Standard,-6,400,False,3,Blue,0.085,2025-07-26,Blue,0.8170522243963984,0.009675277582669754,0.17327249802093228
214,Orange,Duel,2,322,False,1,Orange,0.081,2025-06-01,Orange,0.13312699339285286,0.1127023406627914,0.7541706659443557
215,Orange,Standard,6,277,False,3,Orange,0.112,2025-06-01,Orange,0.12607570706618326,0.041492457958920835,0.8324318349748957
216,Blue,Duel,-5,393,True,1,Orange,0.097,2025-09-23,Orange,0.3130503005596343,0.009322693228128592,0.6776270062122373
217,Orange,Standard,5,366,False,3,Orange,0.067,2025-08-08,Orange,0.2384813972946473,0.0007567353407290015,0.7607618673646237
218,Orange,Standard,-2,283,False,3,Blue,0.107,2025-06-20,Blue,0.7151330158911112,0.1747455056992208,0.11012147840966768
219,Blue,Doubles,2,359,False,2,Blue,0.074,2025-09-06,Blue,0.72159601197526,0.08035938191453694,0.19804460611020328
220,Orange,Standard,1,442,True,3,Orange,0.089,2025-06-01,Orange,0.16019779190095995,0.23924416831302936,0.6005580397860109
221,Blue,Standard,-6,510,True,3,Orange,0.065,2025-11-25,Orange,0.2389874233227552,0.01592047583419114,0.7450921008430537
222,Blue,Standard,-5,378,False,3,Orange,0.099,2025-10-06,Orange,0.12805548976269968,0.003380118946495006,0.8685643912908053
223,Orange,Standard,-2,493,True,3,Blue,0.076,2025-11-24,Blue,0.6352216639172322,0.10821773093508397,0.2565606051476835
224,Blue,Doubles,5,365,False,2,Blue,0.059,2025-07-10,Blue,0.8629331898776412,0.0019086294416243651,0.13515818068073468
225,Blue,Standard,-1,356,False,3,Orange,0.065,2025-06-23,Orange,0.10540001384212455,0.1321654965782412,0.7624344895796343
226,Orange,Duel,6,275,False,1,Orange,0.142,2025-08-05,Orange,0.14015107352623116,0.026586112039957845,0.8332628144338108
227,Blue,Doubles,6,403,True,2,Blue,0.069,2025-06-08,Blue,0.7342507796664453,0.015096681106527968,0.2506525392270268
228,Blue,Doubles,2,267,False,2,Blue,0.125,2025-06-17,Blue,0.5966130331493606,0.13057342078311868,0.2728135460675206
229,Orange,Doubles,-2,340,False,2,Blue,0.061,2025-11-06,Blue,0.7785734903991988,0.021899640660882257,0.1995268689399188
230,Orange,Doubles,3,367,False,2,Orange,0.053,2025-11-01,Orange,0.21717280206222267,0.0037730523538397442,0.7790541455839383
231,Orange,Standard,-6,508,True,3,Blue,0.093,2025-10-03,Blue,0.7038592546768527,0.018594148019258575,0.2775465973038887
232,Orange,Duel,-1,230,False,1,Blue,0.227,2025-06-19,Blue,0.45092975041731975,0.3874928593903696,0.16157739019231074
233,Blue,Standard,-1,283,False,3,Orange,0.132,2025-09-29,Orange,0.16713866638712446,0.1983288327956153,0.6345325008172603
234,Blue,Doubles,4,317,False,2,Blue,0.062,2025-09-15,Blue,0.9023964775596579,0.0,0.09760352244034223
235,Orange,Doubles,4,349,False,2,Orange,0.058,2025-08-22,Orange,0.2844506316289545,0.0012598944591029023,0.714289473911943
236,Orange,Doubles,6,306,False,2,Orange,0.088,2025-06-20,Orange,0.3033008660570953,0.0012598944591029023,0.6954392394838018
237,Orange,Duel,6,272,False,1,Orange,0.117,2025-11-03,Orange,0.1407339757573157,0.026586112039957845,0.8326799122027262
238,Orange,Duel,1,261,False,1,Orange,0.114,2025-06-14,Orange,0.09000022538780458,0.28854249995222514,0.6214572746599704
239,Blue,Standard,6,343,False,3,Blue,0.092,2025-06-07,Blue,0.8135938636765165,0.012503891605893401,0.17390224471758997
240,Orange,Standard,0,505,True,3,Draw,0.076,2025-07-01,Draw,0.1651234992837389,0.5403374334340119,0.2945390672822492
241,Orange,Duel,-2,428,True,1,Blue,0.069,2025-10-05,Blue,0.6668011095410542,0.06287629932363921,0.27032259113530605
242,Orange,Duel,2,254,False,1,Orange,0.145,2025-07-21,Orange,0.09575859223737827,0.26859913795435997,0.6356422698082619
243,Orange,Doubles,1,257,False,2,Orange,0.141,2025-06-02,Orange,0.15283384882071027,0.12256671936823121,0.7245994318110585
244,Orange,Standard,0,414,True,3,Draw,0.062,2025-06-19,Draw,0.13014751794629506,0.645640685317819,0.22421179673588598
245,Orange,Standard,-2,304,False,3,Blue,0.05,2025-06-25,Blue,0.6986468374405925,0.1690692650355235,0.13228389752388403
246,Orange,Standard,-3,412,False,3,Blue,0.072,2025-11-19,Blue,0.8518918861300092,0.00834956585969465,0.13975854801029602
247,Orange,Duel,1,327,False,1,Orange,0.093,2025-11-04,Orange,0.12810478145492563,0.12950562049658634,0.7423895980484881
248,Orange,Standard,2,326,False,3,Orange,0.082,2025-07-16,Orange,0.07978262446083231,0.22081697153892133,0.6994004040002464
249,Orange,Doubles,-1,478,True,2,Blue,0.081,2025-09-21,Blue,0.6113728525051617,0.13917488789458646,0.24945225960025183
250,Orange,Standard,-4,379,False,3,Blue,0.066,2025-09-27,Blue,0.9103706594096113,0.0,0.0896293405903888
251,Orange,Standard,-1,342,False,3,Blue,0.085,2025-09-25,Blue,0.7059514726306031,0.12852578015370014,0.1655227472156967
252,Orange,Duel,6,336,False,1,Orange,0.052,2025-08-10,Orange,0.2027295896310421,0.0007567353407290015,0.7965136750282291
253,Orange,Doubles,-4,309,False,2,Blue,0.09,2025-07-22,Blue,0.8860536403736154,0.0005857481224348644,0.11336061150394959
254,Orange,Doubles,-5,303,False,2,Blue,0.054,2025-09-07,Blue,0.8593171573537332,0.0005857481224348644,0.14009709452383187
255,Orange,Doubles,-3,275,False,2,Blue,0.133,2025-10-13,Blue,0.6872614068221001,0.0021541267232173924,0.3105844664546822
256,Blue,Duel,3,332,False,1,Blue,0.096,2025-10-10,Blue,0.8446356904907352,0.014842595214028557,0.14052171429523622
257,Orange,Doubles,6,278,False,2,Orange,0.109,2025-10-26,Orange,0.20293507275501851,0.007702926262166931,0.7893620009828147
258,Orange,Standard,-6,408,False,3,Blue,0.09,2025-08-05,Blue,0.815009915950653,0.00834956585969465,0.17664051818965276
259,Orange,Doubles,3,369,False,2,Orange,0.05,2025-09-27,Orange,0.2153372879100424,0.0037730523538397442,0.7808896597361185
260,Orange,Duel,0,286,False,1,Draw,0.1,2025-09-25,Draw,0.10425473304197602,0.7390365274924939,0.15670873946552974
261,Orange,Standard,6,439,False,3,Orange,0.082,2025-07-11,Orange,0.2198771355188763,0.017402155442366292,0.7627207090387573
262,Orange,Duel,6,310,False,1,Orange,0.083,2025-09-19,Orange,0.13373211526895548,0.004229462613456274,0.8620384221175884
263,Orange,Duel,1,358,False,1,Orange,0.061,2025-06-11,Orange,0.15028814004329122,0.14254678287469238,0.7071650770820165
264,Orange,Standard,4,412,False,3,Orange,0.052,2025-06-11,Orange,0.22275413535064492,0.035537652777154684,0.7417082118722003
265,Blue,Standard,5,374,False,3,Blue,0.085,2025-09-18,Blue,0.85194795696443,0.016655957801694377,0.13139608523387555
266,Orange,Doubles,-6,300,False,2,Blue,0.099,2025-10-10,Blue,0.7901503625052949,0.003588842544112543,0.20626079495059252
267,Orange,Doubles,-3,339,False,2,Blue,0.07,2025-08-07,Blue,0.8765732819925824,0.0005857481224348644,0.12284096988498261
268,Orange,Doubles,-3,252,False,2,Blue,0.142,2025-09-23,Blue,0.5465344541837548,0.0021541267232173924,0.4513114190930277
269,Orange,Duel,6,276,False,1,Orange,0.128,2025-07-29,Orange,0.14282466251928588,0.026586112039957845,0.8305892254407561
270,Blue,Duel,5,299,False,1,Blue,0.102,2025-10-29,Blue,0.7600025595733213,0.041247637152361454,0.19874980327431743
271,Orange,Duel,0,243,False,1,Draw,0.114,2025-09-23,Draw,0.034434796252944974,0.897211253467183,0.06835395027987194
272,Blue,Doubles,-1,248,False,2,Orange,0.131,2025-09-27,Orange,0.13002815722510713,0.16188556535429374,0.7080862774205994
273,Orange,Doubles,6,246,False,2,Orange,0.136,2025-09-29,Orange,0.1565848087828062,0.11404513545185896,0.7293700557653345
274,Blue,Standard,1,410,False,3,Blue,0.081,2025-08-05,Blue,0.4468652754609969,0.35581571401922096,0.1973190105197826
275,Blue,Doubles,5,305,False,2,Blue,0.063,2025-08-04,Blue,0.8924035815435083,0.0,0.10759641845649194
276,Blue,Duel,1,355,False,1,Blue,0.089,2025-08-16,Blue,0.5101620935841829,0.29281446639265885,0.19702344002315822
277,Blue,Duel,3,356,False,1,Blue,0.092,2025-06-04,Blue,0.8588226656841315,0.026871180487815137,0.11430615382805341
278,Blue,Doubles,1,395,False,2,Blue,0.059,2025-07-09,Blue,0.6455563445401659,0.18806712333693038,0.1663765321229036
279,Orange,Doubles,4,256,False,2,Orange,0.113,2025-11-06,Orange,0.17261835259177766,0.003414021182320295,0.8239676262259017
280,Blue,Duel,3,294,False,1,Blue,0.111,2025-07-18,Blue,0.7691063001472918,0.041247637152361454,0.18964606270034687
281,Blue,Doubles,6,399,False,2,Blue,0.087,2025-11-06,Blue,0.7925159915659755,0.018229306799102465,0.18925470163492225
282,Orange,Standard,3,453,True,3,Orange,0.065,2025-08-29,Orange,0.30508125507277184,0.05333342828517987,0.6415853166420484
283,Orange,Doubles,2,377,True,2,Orange,0.066,2025-08-10,Orange,0.22833355463951535,0.07343927061218469,0.6982271747483
284,Blue,Duel,-6,269,False,1,Orange,0.123,2025-11-13,Orange,0.18225654267931887,0.034367832667030605,0.783375624653651
285,Orange,Standard,0,399,False,3,Draw,0.072,2025-10-05,Draw,0.10583932854691659,0.7387252311418425,0.15543544031124093
286,Orange,Doubles,-6,340,False,2,Blue,0.09,2025-11-15,Blue,0.8010637954977313,0.0005857481224348644,0.19835045637983362
287,Blue,Doubles,-1,310,False,2,Orange,0.084,2025-10-03,Orange,0.1818082851699984,0.03522234598295646,0.7829693688470453
288,Blue,Doubles,-3,300,False,2,Orange,0.093,2025-06-10,Orange,0.23516315498931817,0.0005857481224348644,0.7642510968882473
289,Orange,Doubles,6,311,False,2,Orange,0.089,2025-11-07,Orange,0.30336961004590784,0.0012598944591029023,0.6953704954949892
290,Orange,Standard,-4,359,False,3,Blue,0.078,2025-08-19,Blue,0.8802604261947178,0.004223576183866946,0.11551599762141547
291,Orange,Duel,-6,374,False,1,Blue,0.096,2025-07-10,Blue,0.7687651672941209,0.003942819033661085,0.22729201367221788
292,Blue,Duel,3,351,True,1,Blue,0.089,2025-07-21,Blue,0.8084566855006894,0.017216207059612906,0.17432710743969754
293,Blue,Doubles,-6,413,False,2,Orange,0.078,2025-09-21,Orange,0.2228565610498629,0.012904985981204391,0.7642384529689324
294,Blue,Doubles,-6,315,False,2,Orange,0.057,2025-09-26,Orange,0.19997817620953764,0.0005857481224348644,0.7994360756680275
295,Orange,Standard,2,371,False,3,Orange,0.071,2025-11-24,Orange,0.09997059245016444,0.21756941867315963,0.6824599888766762
296,Orange,Duel,-2,341,False,1,Blue,0.081,2025-08-07,Blue,0.7936648755507751,0.05590046534784886,0.15043465910137616
297,Blue,Standard,2,321,False,3,Blue,0.067,2025-07-26,Blue,0.4572723542742407,0.32862587245042685,0.2141017732753325
298,Orange,Standard,3,398,True,3,Orange,0.058,2025-07-17,Orange,0.3126045965371048,0.07216186231332286,0.6152335411495723
299,Orange,Duel,2,415,True,1,Orange,0.099,2025-11-23,Orange,0.20047121230122097,0.13268874431533773,0.6668400433834414
300,Orange,Duel,-3,351,False,1,Blue,0.098,2025-11-25,Blue,0.8370730637876579,0.003942819033661085,0.15898411717868097
301,Orange,Standard,-4,426,False,3,Blue,0.089,2025-06-04,Blue,0.9132200387950908,0.0024535366786924673,0.08432642452621696
302,Blue,Doubles,3,297,False,2,Blue,0.113,2025-09-29,Blue,0.8691305025265571,0.0,0.13086949747344293
303,Orange,Doubles,5,529,True,2,Orange,0.062,2025-09-22,Orange,0.2202578952258661,0.0881360464802675,0.6916060582938666
304,Blue,Standard,4,324,False,3,Blue,0.069,2025-07-24,Blue,0.825652903228394,0.012503891605893401,0.16184320516571243
305,Orange,Duel,-1,306,False,1,Blue,0.069,2025-09-01,Blue,0.6675546772730243,0.12342270263247818,0.20902262009449757
306,Orange,Standard,-3,352,False,3,Blue,0.099,2025-07-25,Blue,0.8625534323182571,0.0,0.13744656768174285
307,Blue,Duel,-3,230,False,1,Orange,0.237,2025-09-19,Orange,0.18232575028653014,0.12929719223340225,0.6883770574800675
308,Blue,Standard,5,424,False,3,Blue,0.075,2025-09-07,Blue,0.8152402030863927,0.02028143573461105,0.16447836117899636
309,Orange,Doubles,-4,328,False,2,Blue,0.079,2025-11-10,Blue,0.8890354594255446,0.0005857481224348644,0.11037879245202037
310,Orange,Standard,-4,431,False,3,Blue,0.069,2025-06-14,Blue,0.91474168994847,0.0024535366786924673,0.08280477337283776
311,Blue,Doubles,0,416,False,2,Draw,0.077,2025-11-21,Draw,0.21789530902291254,0.6525648401410394,0.1295398508360478
312,Blue,Standard,-2,405,False,3,Orange,0.06,2025-09-25,Orange,0.19010536998124036,0.11236167430090072,0.6975329557178592
313,Orange,Standard,-3,283,False,3,Blue,0.132,2025-07-29,Blue,0.7595552858059018,0.028835877806347377,0.21160883638775105
314,Orange,Doubles,6,286,False,2,Orange,0.144,2025-10-03,Orange,0.2121802439277894,0.017338733656986068,0.7704810224152249
315,Orange,Doubles,-6,441,True,2,Blue,0.082,2025-09-06,Blue,0.637427011054125,0.0445709361698409,0.31800205277603394
316,Orange,Duel,5,331,False,1,Orange,0.096,2025-06-21,Orange,0.21020419378211147,0.0007567353407290015,0.7890390708771596
317,Orange,Doubles,1,298,False,2,Orange,0.133,2025-09-03,Orange,0.20894911556901807,0.11422152200764789,0.6768293624233344
318,Blue,Standard,-5,294,False,3,Orange,0.14,2025-11-13,Orange,0.1984279623779649,0.003380118946495006,0.7981919186755401
319,Orange,Standard,-2,271,False,3,Blue,0.123,2025-06-04,Blue,0.7038563678829807,0.18227249292258643,0.11387113919443242
320,Blue,Duel,0,269,False,1,Draw,0.124,2025-09-14,Draw,0.06423434902120922,0.8797089650916118,0.05605668588717907
321,Orange,Doubles,-1,355,False,2,Blue,0.067,2025-11-04,Blue,0.7356540961229395,0.033942522697920224,0.23040338117914036
322,Orange,Duel,1,307,False,1,Orange,0.07,2025-08-05,Orange,0.12982163250327242,0.1445411146486617,0.7256372528480659
323,Orange,Duel,-2,323,False,1,Blue,0.07,2025-06-17,Blue,0.762700377852666,0.06128642658381194,0.1760131955635225
324,Blue,Doubles,-1,332,False,2,Orange,0.093,2025-06-03,Orange,0.1629345089270359,0.03759201047626481,0.7994734805966992
325,Orange,Standard,6,275,False,3,Orange,0.135,2025-07-11,Orange,0.11969124527146087,0.041492457958920835,0.8388162967696179
326,Orange,Duel,-1,457,True,1,Blue,0.074,2025-10-29,Blue,0.6530151827067059,0.07817262747980663,0.26881218981348726
327,Blue,Standard,5,362,False,3,Blue,0.084,2025-07-19,Blue,0.8344169429014794,0.0246344226188354,0.14094863447968545
328,Orange,Duel,-3,372,False,1,Blue,0.06,2025-07-23,Blue,0.8214898260392823,0.003942819033661085,0.17456735492705672
329,Blue,Standard,-1,302,False,3,Orange,0.073,2025-10-21,Orange,0.15695349287036298,0.16356337330774764,0.6794831338218894
330,Orange,Doubles,4,447,True,2,Orange,0.099,2025-06-12,Orange,0.22913248949295512,0.09113914090194519,0.6797283696050997
331,Orange,Duel,2,370,False,1,Orange,0.077,2025-10-13,Orange,0.15752657911034118,0.11711963592535707,0.725353784964302
332,Blue,Doubles,-6,421,True,2,Orange,0.062,2025-08-30,Orange,0.26995770230020893,0.05484312809533351,0.6751991696044578
333,Orange,Doubles,0,418,False,2,Draw,0.099,2025-10-19,Draw,0.18783547696421357,0.6523215916339492,0.15984293140183697
334,Orange,Standard,0,322,False,3,Draw,0.065,2025-06-20,Draw,0.09280217379397535,0.7478226097554682,0.15937521645055638
335,Orange,Doubles,6,265,False,2,Orange,0.148,2025-08-27,Orange,0.1644851058754201,0.0066258279801736045,0.8288890661444062
336,Blue,Doubles,2,349,False,2,Blue,0.062,2025-11-19,Blue,0.7392821179946957,0.07445500326993702,0.18626287873536732
337,Blue,Doubles,-4,384,True,2,Orange,0.055,2025-06-24,Orange,0.30774715118737433,0.0029593599680192116,0.6892934888446065
338,Orange,Doubles,-1,307,False,2,Blue,0.072,2025-07-29,Blue,0.7277071127624392,0.044201307398378235,0.22809157983918268
339,Orange,Standard,-5,369,False,3,Blue,0.076,2025-11-26,Blue,0.855199774954424,0.0,0.14480022504557602
340,Orange,Duel,-4,387,False,1,Blue,0.074,2025-08-07,Blue,0.8431036379122426,0.003942819033661085,0.15295354305409672
341,Blue,Doubles,1,311,False,2,Blue,0.051,2025-11-25,Blue,0.6432316414005009,0.14892912142027087,0.207839237179228
342,Blue,Standard,4,424,False,3,Blue,0.087,2025-10-25,Blue,0.8096724800072451,0.023737318087552226,0.16659020190520285
343,Blue,Doubles,-3,359,False,2,Orange,0.07,2025-11-06,Orange,0.16229161093798708,0.0005857481224348644,0.8371226409395781
344,Blue,Doubles,-1,288,False,2,Orange,0.127,2025-06-25,Orange,0.1474452167105686,0.03328904393692603,0.8192657393525056
345,Orange,Doubles,-3,331,False,2,Blue,0.052,2025-10-01,Blue,0.8819168055021862,0.0005857481224348644,0.11749744637537894
346,Blue,Duel,-5,365,False,1,Orange,0.058,2025-07-27,Orange,0.25411856901208263,0.011384367465274985,0.7344970635226423
347,Orange,Duel,-4,278,False,1,Blue,0.118,2025-08-17,Blue,0.7311544699680294,0.030188446106182276,0.23865708392578827
348,Blue,Duel,3,353,False,1,Blue,0.087,2025-07-15,Blue,0.864824775240838,0.021506668693249596,0.1136685560659122
349,Blue,Standard,-1,508,True,3,Orange,0.083,2025-11-04,Orange,0.2462330573194613,0.10369511498284907,0.6500718276976901
350,Orange,Doubles,5,364,False,2,Orange,0.073,2025-08-16,Orange,0.1908188880928062,0.0037730523538397442,0.8054080595533545
351,Orange,Standard,2,439,False,3,Orange,0.091,2025-07-07,Orange,0.14354841798044807,0.18944557761181297,0.6670060044077392
352,Orange,Standard,4,320,False,3,Orange,0.069,2025-07-06,Orange,0.15581691288632815,0.014688383757219935,0.8294947033564519
353,Blue,Doubles,-2,407,False,2,Orange,0.093,2025-08-17,Orange,0.2736100259011108,0.08799623692563933,0.63839373717325
354,Blue,Duel,-5,285,False,1,Orange,0.142,2025-11-01,Orange,0.1883744658406766,0.027129184179939498,0.7844963499793838
355,Orange,Standard,-2,504,True,3,Blue,0.072,2025-08-01,Blue,0.6360783671003247,0.10821773093508397,0.25570390196459103
356,Blue,Standard,-1,429,False,3,Orange,0.082,2025-10-11,Orange,0.22175139504625027,0.09483066948076521,0.6834179354729847
357,Orange,Doubles,1,349,False,2,Orange,0.068,2025-09-28,Orange,0.17125535229647265,0.09279654374487446,0.7359481039586533
358,Blue,Doubles,3,308,False,2,Blue,0.069,2025-07-05,Blue,0.8741794767886923,0.0,0.12582052321130757
359,Orange,Doubles,-4,289,False,2,Blue,0.106,2025-07-05,Blue,0.8218845678535412,0.003588842544112543,0.17452658960234613
360,Blue,Standard,-1,308,False,3,Orange,0.087,2025-11-12,Orange,0.1419606141874539,0.15840238915509056,0.6996369966574556
361,Blue,Standard,2,332,False,3,Blue,0.097,2025-11-02,Blue,0.4579943281658615,0.3018359709911783,0.2401697008429602
362,Blue,Doubles,4,344,False,2,Blue,0.067,2025-06-04,Blue,0.9036717576612654,0.0,0.09632824233873503
363,Orange,Duel,0,220,False,1,Draw,0.201,2025-08-03,Draw,0.046403119248142194,0.8767913717970027,0.07680550895485481
364,Orange,Doubles,2,393,False,2,Orange,0.066,2025-09-06,Orange,0.2545246391550938,0.08570282180092172,0.6597725390439845
365,Blue,Standard,-2,309,False,3,Orange,0.068,2025-08-08,Orange,0.1434667182281016,0.1511071599019522,0.7054261218699464
366,Orange,Duel,1,225,False,1,Orange,0.212,2025-09-15,Draw,0.06787395504274359,0.4724516299754838,0.4596744149817726
367,Blue,Duel,2,303,False,1,Blue,0.087,2025-10-08,Blue,0.53908911196716,0.26215505037102566,0.19875583766181426
368,Blue,Standard,3,419,False,3,Blue,0.068,2025-10-01,Blue,0.799169077272886,0.03355967977780433,0.16727124294930998
369,Blue,Doubles,-1,359,False,2,Orange,0.054,2025-09-25,Orange,0.16723974247741397,0.04228258022086205,0.7904776773017237
370,Blue,Duel,0,228,False,1,Draw,0.245,2025-06-18,Draw,0.05528753785488613,0.8947198629087021,0.049992599236411986
371,Orange,Standard,-4,339,False,3,Blue,0.08,2025-06-24,Blue,0.8662562826910449,0.0,0.13374371730895532
372,Orange,Standard,-1,302,False,3,Blue,0.099,2025-06-22,Blue,0.667550045171786,0.1796117446568491,0.15283821017136495
373,Orange,Standard,0,336,False,3,Draw,0.096,2025-09-29,Draw,0.12477273588817363,0.6821864747964558,0.1930407893153706
374,Blue,Duel,0,231,False,1,Draw,0.208,2025-08-03,Draw,0.053078798944035874,0.9037307695169035,0.04319043153906061
375,Blue,Duel,5,338,False,1,Blue,0.057,2025-07-04,Blue,0.8511697724451396,0.014842595214028557,0.13398763234083172
376,Orange,Doubles,-1,350,False,2,Blue,0.099,2025-09-11,Blue,0.7440083494970052,0.033942522697920224,0.2220491278050746
377,Orange,Standard,2,346,False,3,Orange,0.07,2025-09-03,Orange,0.10296563298246358,0.21651803821527668,0.68051632880226
378,Orange,Duel,-1,375,False,1,Blue,0.099,2025-06-01,Blue,0.7579734806274042,0.07526347130628214,0.16676304806631392
379,Orange,Doubles,2,338,False,2,Orange,0.08,2025-06-19,Orange,0.21305095781354821,0.050078590708567995,0.7368704514778838
380,Blue,Duel,6,392,False,1,Blue,0.075,2025-09-21,Blue,0.747230775180831,0.027896305902177624,0.2248729189169914
381,Orange,Duel,5,264,False,1,Orange,0.107,2025-11-21,Orange,0.18559979641414429,0.0428121300855767,0.7715880735002788
382,Blue,Doubles,-4,258,False,2,Orange,0.131,2025-07-31,Orange,0.13832288605874304,0.0,0.8616771139412573
383,Orange,Duel,1,250,False,1,Orange,0.139,2025-07-27,Orange,0.09442973049625789,0.31295734261703595,0.5926129268867063
384,Orange,Doubles,2,268,False,2,Orange,0.146,2025-10-12,Orange,0.1825718345133589,0.09221574036733539,0.7252124251193058
385,Blue,Duel,-3,334,False,1,Orange,0.07,2025-11-17,Orange,0.21736238379720338,0.007450057204965534,0.7751875589978313
386,Blue,Duel,1,303,False,1,Blue,0.079,2025-07-18,Blue,0.5117804338706076,0.29208670240403395,0.1961328637253583
387,Orange,Standard,5,589,True,3,Orange,0.1,2025-08-21,Orange,0.26884692517491526,0.047118527065648876,0.6840345477594361
388,Orange,Duel,-2,234,False,1,Blue,0.221,2025-06-17,Blue,0.48411935001425144,0.37383822541396305,0.14204242457178562
389,Blue,Duel,-2,328,False,1,Orange,0.093,2025-08-04,Orange,0.1593393884155025,0.11714377995088072,0.7235168316336167
390,Orange,Doubles,5,392,False,2,Orange,0.08,2025-06-09,Orange,0.25335468415692675,0.010577662807488659,0.7360676530355849
391,Blue,Doubles,4,415,False,2,Blue,0.054,2025-09-09,Blue,0.7982757479815367,0.044510454862011564,0.157213797156452
392,Orange,Standard,-1,379,False,3,Blue,0.07,2025-06-17,Blue,0.7276965773975819,0.10443211988635069,0.1678713027160672
393,Orange,Duel,3,320,False,1,Orange,0.069,2025-07-14,Orange,0.21586072477829205,0.006889629744375494,0.7772496454773326
394,Orange,Doubles,3,308,False,2,Orange,0.068,2025-10-29,Orange,0.33189368990205126,0.0012598944591029023,0.6668464156388463
395,Blue,Standard,4,492,True,3,Blue,0.09,2025-07-26,Blue,0.6617139109849498,0.038051416198692546,0.30023467281635763
396,Orange,Standard,5,265,False,3,Orange,0.116,2025-06-05,Orange,0.1113021568608049,0.06693845079056633,0.8217593923486284
397,Blue,Duel,4,322,False,1,Blue,0.07,2025-07-27,Blue,0.7714328406402765,0.014842595214028557,0.21372456414569455
398,Orange,Duel,-4,391,True,1,Blue,0.094,2025-11-20,Blue,0.7735044564013865,0.006316430879245433,0.22017911271936821
399,Blue,Doubles,-6,387,False,2,Orange,0.072,2025-09-30,Orange,0.2220112776992565,0.0034028130652431422,0.7745859092355003
400,Blue,Doubles,4,387,True,2,Blue,0.06,2025-11-27,Blue,0.7606879990709278,0.005840003064729237,0.2334719978643428
401,Orange,Standard,-6,407,False,3,Blue,0.061,2025-10-22,Blue,0.8189810479630304,0.00834956585969465,0.17266938617727526
402,Blue,Duel,-2,395,False,1,Orange,0.065,2025-11-12,Orange,0.2010565434160651,0.12435055914920527,0.6745928974347298
403,Blue,Standard,6,401,False,3,Blue,0.079,2025-06-13,Blue,0.7465113715846268,0.03625717226110092,0.21723145615427278
404,Orange,Doubles,1,348,False,2,Orange,0.091,2025-10-25,Orange,0.17125535229647265,0.09279654374487446,0.7359481039586533
405,Blue,Duel,3,486,True,1,Blue,0.098,2025-10-10,Blue,0.7004932925829616,0.031139766649377915,0.2683669407676604
406,Orange,Standard,-4,431,False,3,Blue,0.052,2025-08-17,Blue,0.91474168994847,0.0024535366786924673,0.08280477337283776
407,Orange,Duel,1,379,False,1,Orange,0.09,2025-11-12,Orange,0.16007559923660167,0.14293147268231177,0.6969929280810867
408,Orange,Standard,1,434,False,3,Orange,0.078,2025-08-29,Orange,0.15272034067137194,0.2390120097146927,0.6082676496139353
409,Blue,Standard,-4,273,False,3,Orange,0.134,2025-09-07,Orange,0.17255704697757818,0.025937523597654655,0.8015054294247672
410,Orange,Standard,4,345,False,3,Orange,0.069,2025-07-31,Orange,0.20659465896635779,0.0007567353407290015,0.792648605692913
411,Blue,Duel,-5,332,False,1,Orange,0.062,2025-07-26,Orange,0.1486527166989612,0.007450057204965534,0.8438972260960734
412,Orange,Doubles,1,509,True,2,Orange,0.071,2025-07-20,Orange,0.16662148935462054,0.2521816853713005,0.5811968252740788
413,Orange,Duel,-2,283,False,1,Blue,0.104,2025-10-02,Blue,0.7123140380415471,0.15566425387187185,0.13202170808658115
414,Blue,Standard,-2,336,False,3,Orange,0.059,2025-07-15,Orange,0.10605870368999286,0.12270979540697911,0.771231500903028
415,Orange,Duel,-5,351,False,1,Blue,0.089,2025-07-02,Blue,0.7877821939473393,0.003942819033661085,0.20827498701899974
416,Blue,Doubles,-5,402,False,2,Orange,0.085,2025-06-08,Orange,0.26099538347871065,0.009693179183351084,0.7293114373379379
417,Blue,Doubles,-1,359,False,2,Orange,0.065,2025-10-03,Orange,0.16723974247741397,0.04228258022086205,0.7904776773017237
418,Blue,Duel,-1,325,False,1,Orange,0.094,2025-08-20,Orange,0.17006462479898235,0.14318541380187116,0.6867499613991462
419,Orange,Standard,2,354,False,3,Orange,0.092,2025-09-27,Orange,0.10449752463914033,0.21651803821527668,0.6789844371455832
420,Orange,Standard,-1,396,False,3,Blue,0.069,2025-09-20,Blue,0.7554773830505661,0.10352185103170954,0.14100076591772404
421,Blue,Standard,1,393,False,3,Blue,0.053,2025-10-14,Blue,0.4409171320052878,0.3496023452365953,0.20948052275811724
422,Blue,Standard,5,420,True,3,Blue,0.09,2025-11-11,Blue,0.7147960736656244,0.04924632502271281,0.2359576013116632
423,Orange,Standard,2,476,True,3,Orange,0.076,2025-10-28,Orange,0.1561090886682231,0.20089321944090419,0.642997691890873
424,Blue,Standard,-2,377,False,3,Orange,0.089,2025-09-05,Orange,0.1103132048439229,0.10054806521892827,0.7891387299371488
425,Orange,Standard,-4,437,False,3,Blue,0.085,2025-08-31,Blue,0.9015680276217796,0.0024535366786924673,0.09597843569952819
426,Blue,Standard,-3,398,False,3,Orange,0.083,2025-09-20,Orange,0.22647008153149784,0.013012097782532556,0.7605178206859695
427,Blue,Standard,6,599,True,3,Blue,0.094,2025-08-21,Blue,0.6444932089697033,0.034595533845751376,0.3209112571845453
428,Blue,Doubles,-6,288,False,2,Orange,0.125,2025-08-14,Orange,0.17059970378095757,0.0005857481224348644,0.8288145480966077
429,Blue,Doubles,-4,249,False,2,Orange,0.111,2025-08-08,Orange,0.13220291445492774,0.03670824012833425,0.831088845416738
430,Blue,Duel,-3,298,False,1,Orange,0.102,2025-06-01,Orange,0.19099560123834775,0.01567941604787344,0.793324982713779
431,Blue,Doubles,1,411,False,2,Blue,0.051,2025-11-23,Blue,0.5999588188703007,0.26969662109591364,0.1303445600337858
432,Blue,Doubles,3,336,False,2,Blue,0.051,2025-11-12,Blue,0.8971878037278397,0.0,0.10281219627216029
433,Orange,Standard,-6,316,False,3,Blue,0.064,2025-09-15,Blue,0.7316695668529917,0.008242627575821117,0.2600878055711872
434,Blue,Standard,-4,266,False,3,Orange,0.119,2025-08-23,Orange,0.1664696215349324,0.03479587739828072,0.7987345010667869
435,Orange,Doubles,-6,276,False,2,Blue,0.106,2025-09-17,Blue,0.6657544663789744,0.0021541267232173924,0.33209140689780775
436,Orange,Doubles,3,388,False,2,Orange,0.096,2025-11-06,Orange,0.27295305457720714,0.010577662807488659,0.7164692826153043
437,Blue,Duel,-5,376,False,1,Orange,0.097,2025-09-06,Orange,0.22181299686122258,0.011384367465274985,0.766802635673502
438,Orange,Standard,6,330,False,3,Orange,0.093,2025-06-19,Orange,0.15360807715376826,0.004229462613456274,0.8421624602327753
439,Orange,Standard,4,312,False,3,Orange,0.065,2025-09-05,Orange,0.15036283145003165,0.011215656484492664,0.8384215120654755
440,Orange,Doubles,5,378,False,2,Orange,0.051,2025-11-06,Orange,0.25079428589638636,0.0037730523538397442,0.7454326617497743
441,Blue,Standard,1,336,False,3,Blue,0.077,2025-06-15,Blue,0.4268419802062761,0.34424363224151533,0.22891438755220878
442,Blue,Doubles,4,249,False,2,Blue,0.138,2025-07-13,Blue,0.5773650966893544,0.08460056877751927,0.33803433453312626
443,Blue,Doubles,-2,253,False,2,Orange,0.147,2025-06-27,Orange,0.1319985843280988,0.03626949891516476,0.8317319167567371
444,Blue,Standard,-5,377,False,3,Orange,0.077,2025-07-08,Orange,0.12805548976269968,0.003380118946495006,0.8685643912908053
445,Orange,Standard,-5,341,False,3,Blue,0.081,2025-09-23,Blue,0.8307786347150682,0.0,0.16922136528493195
446,Blue,Doubles,-2,262,False,2,Orange,0.103,2025-06-01,Orange,0.13326348499035046,0.03626949891516476,0.8304670160944855
447,Orange,Standard,1,330,False,3,Orange,0.057,2025-06-28,Orange,0.08958719020680025,0.2602974988765839,0.6501153109166161
448,Blue,Duel,-2,476,True,1,Orange,0.08,2025-09-22,Orange,0.21867281585510503,0.09443542819811328,0.6868917559467818
449,Blue,Duel,0,248,False,1,Draw,0.134,2025-06-22,Draw,0.051841794859037,0.9065615714764487,0.041596633664514444
450,Orange,Standard,-3,437,False,3,Blue,0.087,2025-09-13,Blue,0.8670016347290449,0.0024535366786924673,0.13054482859226263
451,Orange,Duel,6,303,False,1,Orange,0.096,2025-07-09,Orange,0.13546637771582049,0.0007567353407290015,0.8637768869434503
452,Orange,Standard,-3,401,False,3,Blue,0.058,2025-06-30,Blue,0.8542786381471408,0.009675277582669754,0.1360460842701894
453,Blue,Doubles,2,377,False,2,Blue,0.08,2025-06-28,Blue,0.718254944362884,0.08754312416030598,0.1942019314768102
454,Blue,Doubles,5,375,False,2,Blue,0.1,2025-10-09,Blue,0.8725965655574405,0.0019086294416243651,0.12549480500093546
455,Blue,Duel,2,229,False,1,Blue,0.242,2025-10-22,Draw,0.2905884720050709,0.54992224928082,0.15948927871410878
456,Orange,Standard,0,270,False,3,Draw,0.141,2025-11-07,Draw,0.07067839638148332,0.8096387409307382,0.11968286268777842
457,Blue,Doubles,6,299,False,2,Blue,0.146,2025-07-02,Blue,0.8200267504113714,0.0,0.17997324958862862
458,Orange,Doubles,-3,308,False,2,Blue,0.059,2025-11-24,Blue,0.8771693387067147,0.0005857481224348644,0.12224491317085022
459,Blue,Duel,2,351,False,1,Blue,0.072,2025-08-14,Blue,0.5425690100107761,0.25838711631830824,0.1990438736709156
460,Orange,Doubles,-4,385,False,2,Blue,0.051,2025-07-19,Blue,0.8342921985225473,0.0005857481224348644,0.16512205335501742
461,Orange,Doubles,1,378,False,2,Orange,0.067,2025-11-18,Orange,0.173495483381368,0.10982207652258597,0.7166824400960463
462,Blue,Doubles,3,417,True,2,Blue,0.068,2025-08-17,Blue,0.6678892117402733,0.08184897953526539,0.25026180872446097
463,Orange,Standard,1,484,True,3,Orange,0.093,2025-07-03,Orange,0.1605474832013031,0.23302926709349836,0.6064232497051987
464,Orange,Doubles,2,260,False,2,Orange,0.104,2025-11-13,Orange,0.17823057867092967,0.08210513737787306,0.7396642839511973
465,Blue,Duel,-5,265,False,1,Orange,0.137,2025-06-29,Orange,0.17922049104133553,0.034367832667030605,0.786411676291634
466,Blue,Duel,1,236,False,1,Blue,0.243,2025-06-13,Draw,0.27230074694765205,0.5732231613764861,0.1544760916758615
467,Orange,Doubles,-1,396,False,2,Blue,0.07,2025-07-25,Blue,0.8200237786865178,0.05323438764362004,0.12674183366986283
468,Orange,Duel,3,310,True,1,Orange,0.072,2025-08-27,Orange,0.3137303509967123,0.01863098159565957,0.6676386674076279
469,Blue,Doubles,5,278,False,2,Blue,0.128,2025-09-04,Blue,0.726776027971532,0.02625601270634889,0.2469679593221192
470,Blue,Doubles,5,350,False,2,Blue,0.064,2025-07-29,Blue,0.8862587440351567,0.0,0.1137412559648435
471,Blue,Standard,0,397,False,3,Draw,0.098,2025-11-05,Draw,0.14735988221291868,0.7499121228797953,0.10272799490728574
472,Blue,Standard,5,363,False,3,Blue,0.055,2025-11-20,Blue,0.8467173283610113,0.020410846434968453,0.13287182520402044
473,Blue,Doubles,-3,345,False,2,Orange,0.081,2025-10-31,Orange,0.2148138128514353,0.0005857481224348644,0.7846004390261301
474,Orange,Duel,1,283,False,1,Orange,0.134,2025-10-20,Orange,0.10948365437380042,0.2796521251294677,0.610864220496732
475,Blue,Duel,0,387,False,1,Draw,0.051,2025-06-03,Draw,0.18508673132900447,0.6601886193783092,0.15472464929268623
476,Orange,Standard,-2,386,False,3,Blue,0.084,2025-10-29,Blue,0.7795247646209279,0.0877114900859683,0.1327637452931038
477,Orange,Doubles,3,358,False,2,Orange,0.065,2025-06-14,Orange,0.1773646723185503,0.0012598944591029023,0.8213754332223472
478,Blue,Duel,-1,345,False,1,Orange,0.068,2025-06-28,Orange,0.19775522866725342,0.15222724231709986,0.6500175290156466
479,Orange,Standard,-1,422,False,3,Blue,0.092,2025-07-09,Blue,0.7509029149317732,0.09394732386144757,0.15514976120677906
480,Orange,Duel,0,238,False,1,Draw,0.245,2025-06-30,Draw,0.03515708913396182,0.9033360619393791,0.06150684892665889
481,Orange,Duel,-4,455,True,1,Blue,0.056,2025-11-27,Blue,0.7339369938877652,0.003942819033661085,0.2621201870785735
482,Blue,Standard,-5,411,False,3,Orange,0.059,2025-07-03,Orange,0.135703729604092,0.008213658786830181,0.8560826116090773
483,Orange,Standard,-1,271,False,3,Blue,0.101,2025-10-05,Blue,0.6682124463641752,0.19077987439081845,0.14100767924500646
484,Orange,Duel,3,321,False,1,Orange,0.081,2025-07-09,Orange,0.21586072477829205,0.006889629744375494,0.7772496454773326
485,Orange,Duel,2,373,False,1,Orange,0.051,2025-08-13,Orange,0.16905584874226703,0.11711963592535707,0.7138245153323761
486,Orange,Duel,-3,379,False,1,Blue,0.057,2025-11-10,Blue,0.830290436408834,0.003942819033661085,0.16576674455750534
487,Orange,Duel,-2,359,False,1,Blue,0.059,2025-08-23,Blue,0.7923875809042319,0.053538656302622736,0.15407376279314566
488,Orange,Standard,1,309,False,3,Orange,0.086,2025-09-10,Orange,0.10136610675118568,0.29376814696027365,0.6048657462885408
489,Orange,Doubles,1,399,False,2,Orange,0.079,2025-07-16,Orange,0.22579461382676186,0.20535320296987028,0.568852183203368
490,Orange,Doubles,1,350,False,2,Orange,0.058,2025-08-15,Orange,0.17174649570809788,0.09279654374487446,0.735456960547028
491,Blue,Doubles,4,318,False,2,Blue,0.081,2025-07-26,Blue,0.9023964775596579,0.0,0.09760352244034223
492,Blue,Duel,-4,292,False,1,Orange,0.132,2025-08-15,Orange,0.19423654999606843,0.01567941604787344,0.7900840339560582
493,Blue,Standard,4,334,False,3,Blue,0.094,2025-10-13,Blue,0.8294186673486414,0.012503891605893401,0.15807744104546512
494,Blue,Duel,-6,340,False,1,Orange,0.051,2025-07-27,Orange,0.15883607377432876,0.007450057204965534,0.833713869020706
495,Orange,Doubles,1,379,False,2,Orange,0.083,2025-06-13,Orange,0.17266408187599558,0.117384692971481,0.7099512251525236
496,Orange,Duel,6,312,False,1,Orange,0.083,2025-06-21,Orange,0.13373211526895548,0.004229462613456274,0.8620384221175884
497,Orange,Doubles,-4,296,False,2,Blue,0.114,2025-07-15,Blue,0.87939565924794,0.003588842544112543,0.11701549820794714
498,Blue,Standard,-6,319,False,3,Orange,0.099,2025-11-03,Orange,0.15540729942889872,0.003380118946495006,0.8412125816246063
499,Orange,Doubles,-3,283,False,2,Blue,0.143,2025-07-03,Blue,0.7387749405625179,0.010940966419576242,0.2502840930179055
500,Blue,Standard,-6,385,False,3,Orange,0.087,2025-10-17,Orange,0.122010562106653,0.003380118946495006,0.8746093189468519
